Model,Question,Precision,Recall,F1-Score
GPT-3,Q17,0.36231884057971014,0.6024096385542169,0.45248868778280543
GPT-4o-mini,Q17,0.41721854304635764,0.7590361445783133,0.5384615384615384
GPT-4o,Q17,0.45652173913043476,0.7590361445783133,0.5701357466063348
