Model,Question,Precision,Recall,F1-Score
GPT-3,Q17,0.2833333333333333,0.40963855421686746,0.33497536945812806
GPT-4o-mini,Q17,0.40606060606060607,0.8072289156626506,0.5403225806451613
GPT-4o,Q17,0.4225352112676056,0.7228915662650602,0.5333333333333333
