Model,Precision,Recall,F1-Score
GPT-3,0.36231884057971014,0.6024096385542169,0.45248868778280543
GPT-4o,0.45652173913043476,0.7590361445783133,0.5701357466063348
GPT-4o-mini,0.41721854304635764,0.7590361445783133,0.5384615384615384
